
Andreas Tobler <a.tobler@schweiz.org>
Andrew Agno <agno+boehmgc@agno.net>
Bradley Smith <brad@brad-smith.co.uk>
Bruce Mitchener <bruce.mitchener@gmail.com>
Carlos O'Donell <carlos@baldric.uwo.ca>
Daniel Grayson <dan@math.uiuc.edu>
Doug Lea <dl@cs.oswego.edu>
Earl Chew <earl_chew@agilent.com>
Emmanuel Stapf <manus@eiffel.com>
